道具ID,道具名稱
3,金元寶
20,更名卡
36,三太子財富卡
21013101,牛魔王娛樂廳一星財富卡
21013102,牛魔王娛樂廳二星財富卡
21013103,牛魔王娛樂廳三星財富卡
21013104,牛魔王娛樂廳四星財富卡
21013105,牛魔王娛樂廳五星財富卡
21013106,牛魔王娛樂廳六星財富卡
21013107,牛魔王娛樂廳七星財富卡
21013108,牛魔王娛樂廳八星財富卡
21013109,牛魔王娛樂廳九星財富卡
21013201,牛魔王娛樂廳一星給力卡
21013202,牛魔王娛樂廳二星給力卡
21013203,牛魔王娛樂廳三星給力卡
21013204,牛魔王娛樂廳四星給力卡
21013205,牛魔王娛樂廳五星給力卡
21013206,牛魔王娛樂廳六星給力卡
21013207,牛魔王娛樂廳七星給力卡
21013208,牛魔王娛樂廳八星給力卡
21013209,牛魔王娛樂廳九星給力卡
21013301,牛魔王娛樂廳一星超給力卡
21013302,牛魔王娛樂廳二星超給力卡
21013303,牛魔王娛樂廳三星超給力卡
21013304,牛魔王娛樂廳四星超給力卡
21013305,牛魔王娛樂廳五星超給力卡
21013306,牛魔王娛樂廳六星超給力卡
21013307,牛魔王娛樂廳七星超給力卡
21013308,牛魔王娛樂廳八星超給力卡
21013309,牛魔王娛樂廳九星超給力卡
21023101,牛魔王富貴廳一星財富卡
21023102,牛魔王富貴廳二星財富卡
21023103,牛魔王富貴廳三星財富卡
21023104,牛魔王富貴廳四星財富卡
21023105,牛魔王富貴廳五星財富卡
21023106,牛魔王富貴廳六星財富卡
21023107,牛魔王富貴廳七星財富卡
21023108,牛魔王富貴廳八星財富卡
21023109,牛魔王富貴廳九星財富卡
21023201,牛魔王富貴廳一星給力卡
21023202,牛魔王富貴廳二星給力卡
21023203,牛魔王富貴廳三星給力卡
21023204,牛魔王富貴廳四星給力卡
21023205,牛魔王富貴廳五星給力卡
21023206,牛魔王富貴廳六星給力卡
21023207,牛魔王富貴廳七星給力卡
21023208,牛魔王富貴廳八星給力卡
21023209,牛魔王富貴廳九星給力卡
21023301,牛魔王富貴廳一星超給力卡
21023302,牛魔王富貴廳二星超給力卡
21023303,牛魔王富貴廳三星超給力卡
21023304,牛魔王富貴廳四星超給力卡
21023305,牛魔王富貴廳五星超給力卡
21023306,牛魔王富貴廳六星超給力卡
21023307,牛魔王富貴廳七星超給力卡
21023308,牛魔王富貴廳八星超給力卡
21023309,牛魔王富貴廳九星超給力卡
21033101,牛魔王帝王廳一星財富卡
21033102,牛魔王帝王廳二星財富卡
21033103,牛魔王帝王廳三星財富卡
21033104,牛魔王帝王廳四星財富卡
21033105,牛魔王帝王廳五星財富卡
21033106,牛魔王帝王廳六星財富卡
21033107,牛魔王帝王廳七星財富卡
21033108,牛魔王帝王廳八星財富卡
21033109,牛魔王帝王廳九星財富卡
21033201,牛魔王帝王廳一星給力卡
21033202,牛魔王帝王廳二星給力卡
21033203,牛魔王帝王廳三星給力卡
21033204,牛魔王帝王廳四星給力卡
21033205,牛魔王帝王廳五星給力卡
21033206,牛魔王帝王廳六星給力卡
21033207,牛魔王帝王廳七星給力卡
21033208,牛魔王帝王廳八星給力卡
21033209,牛魔王帝王廳九星給力卡
21033301,牛魔王帝王廳一星超給力卡
21033302,牛魔王帝王廳二星超給力卡
21033303,牛魔王帝王廳三星超給力卡
21033304,牛魔王帝王廳四星超給力卡
21033305,牛魔王帝王廳五星超給力卡
21033306,牛魔王帝王廳六星超給力卡
21033307,牛魔王帝王廳七星超給力卡
21033308,牛魔王帝王廳八星超給力卡
21033309,牛魔王帝王廳九星超給力卡
21053101,掏金樂娛樂廳一星財富卡
21053102,掏金樂娛樂廳二星財富卡
21053103,掏金樂娛樂廳三星財富卡
21053104,掏金樂娛樂廳四星財富卡
21053105,掏金樂娛樂廳五星財富卡
21053106,掏金樂娛樂廳六星財富卡
21053107,掏金樂娛樂廳七星財富卡
21053108,掏金樂娛樂廳八星財富卡
21053109,掏金樂娛樂廳九星財富卡
21053201,掏金樂娛樂廳一星給力卡
21053202,掏金樂娛樂廳二星給力卡
21053203,掏金樂娛樂廳三星給力卡
21053204,掏金樂娛樂廳四星給力卡
21053205,掏金樂娛樂廳五星給力卡
21053206,掏金樂娛樂廳六星給力卡
21053207,掏金樂娛樂廳七星給力卡
21053208,掏金樂娛樂廳八星給力卡
21053209,掏金樂娛樂廳九星給力卡
21053301,掏金樂娛樂廳一星超給力卡
21053302,掏金樂娛樂廳二星超給力卡
21053303,掏金樂娛樂廳三星超給力卡
21053304,掏金樂娛樂廳四星超給力卡
21053305,掏金樂娛樂廳五星超給力卡
21053306,掏金樂娛樂廳六星超給力卡
21053307,掏金樂娛樂廳七星超給力卡
21053308,掏金樂娛樂廳八星超給力卡
21053309,掏金樂娛樂廳九星超給力卡
21063101,掏金樂富貴廳一星財富卡
21063102,掏金樂富貴廳二星財富卡
21063103,掏金樂富貴廳三星財富卡
21063104,掏金樂富貴廳四星財富卡
21063105,掏金樂富貴廳五星財富卡
21063106,掏金樂富貴廳六星財富卡
21063107,掏金樂富貴廳七星財富卡
21063108,掏金樂富貴廳八星財富卡
21063109,掏金樂富貴廳九星財富卡
21063201,掏金樂富貴廳一星給力卡
21063202,掏金樂富貴廳二星給力卡
21063203,掏金樂富貴廳三星給力卡
21063204,掏金樂富貴廳四星給力卡
21063205,掏金樂富貴廳五星給力卡
21063206,掏金樂富貴廳六星給力卡
21063207,掏金樂富貴廳七星給力卡
21063208,掏金樂富貴廳八星給力卡
21063209,掏金樂富貴廳九星給力卡
21063301,掏金樂富貴廳一星超給力卡
21063302,掏金樂富貴廳二星超給力卡
21063303,掏金樂富貴廳三星超給力卡
21063304,掏金樂富貴廳四星超給力卡
21063305,掏金樂富貴廳五星超給力卡
21063306,掏金樂富貴廳六星超給力卡
21063307,掏金樂富貴廳七星超給力卡
21063308,掏金樂富貴廳八星超給力卡
21063309,掏金樂富貴廳九星超給力卡
21073101,掏金樂帝王廳一星財富卡
21073102,掏金樂帝王廳二星財富卡
21073103,掏金樂帝王廳三星財富卡
21073104,掏金樂帝王廳四星財富卡
21073105,掏金樂帝王廳五星財富卡
21073106,掏金樂帝王廳六星財富卡
21073107,掏金樂帝王廳七星財富卡
21073108,掏金樂帝王廳八星財富卡
21073109,掏金樂帝王廳九星財富卡
21073201,掏金樂帝王廳一星給力卡
21073202,掏金樂帝王廳二星給力卡
21073203,掏金樂帝王廳三星給力卡
21073204,掏金樂帝王廳四星給力卡
21073205,掏金樂帝王廳五星給力卡
21073206,掏金樂帝王廳六星給力卡
21073207,掏金樂帝王廳七星給力卡
21073208,掏金樂帝王廳八星給力卡
21073209,掏金樂帝王廳九星給力卡
21073301,掏金樂帝王廳一星超給力卡
21073302,掏金樂帝王廳二星超給力卡
21073303,掏金樂帝王廳三星超給力卡
21073304,掏金樂帝王廳四星超給力卡
21073305,掏金樂帝王廳五星超給力卡
21073306,掏金樂帝王廳六星超給力卡
21073307,掏金樂帝王廳七星超給力卡
21073308,掏金樂帝王廳八星超給力卡
21073309,掏金樂帝王廳九星超給力卡
21093101,武財神娛樂廳一星財富卡
21093102,武財神娛樂廳二星財富卡
21093103,武財神娛樂廳三星財富卡
21093104,武財神娛樂廳四星財富卡
21093105,武財神娛樂廳五星財富卡
21093106,武財神娛樂廳六星財富卡
21093107,武財神娛樂廳七星財富卡
21093108,武財神娛樂廳八星財富卡
21093109,武財神娛樂廳九星財富卡
21093201,武財神娛樂廳一星給力卡
21093202,武財神娛樂廳二星給力卡
21093203,武財神娛樂廳三星給力卡
21093204,武財神娛樂廳四星給力卡
21093205,武財神娛樂廳五星給力卡
21093206,武財神娛樂廳六星給力卡
21093207,武財神娛樂廳七星給力卡
21093208,武財神娛樂廳八星給力卡
21093209,武財神娛樂廳九星給力卡
21093301,武財神娛樂廳一星超給力卡
21093302,武財神娛樂廳二星超給力卡
21093303,武財神娛樂廳三星超給力卡
21093304,武財神娛樂廳四星超給力卡
21093305,武財神娛樂廳五星超給力卡
21093306,武財神娛樂廳六星超給力卡
21093307,武財神娛樂廳七星超給力卡
21093308,武財神娛樂廳八星超給力卡
21093309,武財神娛樂廳九星超給力卡
21103101,武財神富貴廳一星財富卡
21103102,武財神富貴廳二星財富卡
21103103,武財神富貴廳三星財富卡
21103104,武財神富貴廳四星財富卡
21103105,武財神富貴廳五星財富卡
21103106,武財神富貴廳六星財富卡
21103107,武財神富貴廳七星財富卡
21103108,武財神富貴廳八星財富卡
21103109,武財神富貴廳九星財富卡
21103201,武財神富貴廳一星給力卡
21103202,武財神富貴廳二星給力卡
21103203,武財神富貴廳三星給力卡
21103204,武財神富貴廳四星給力卡
21103205,武財神富貴廳五星給力卡
21103206,武財神富貴廳六星給力卡
21103207,武財神富貴廳七星給力卡
21103208,武財神富貴廳八星給力卡
21103209,武財神富貴廳九星給力卡
21103301,武財神富貴廳一星超給力卡
21103302,武財神富貴廳二星超給力卡
21103303,武財神富貴廳三星超給力卡
21103304,武財神富貴廳四星超給力卡
21103305,武財神富貴廳五星超給力卡
21103306,武財神富貴廳六星超給力卡
21103307,武財神富貴廳七星超給力卡
21103308,武財神富貴廳八星超給力卡
21103309,武財神富貴廳九星超給力卡
21113101,武財神帝王廳一星財富卡
21113102,武財神帝王廳二星財富卡
21113103,武財神帝王廳三星財富卡
21113104,武財神帝王廳四星財富卡
21113105,武財神帝王廳五星財富卡
21113106,武財神帝王廳六星財富卡
21113107,武財神帝王廳七星財富卡
21113108,武財神帝王廳八星財富卡
21113109,武財神帝王廳九星財富卡
21113201,武財神帝王廳一星給力卡
21113202,武財神帝王廳二星給力卡
21113203,武財神帝王廳三星給力卡
21113204,武財神帝王廳四星給力卡
21113205,武財神帝王廳五星給力卡
21113206,武財神帝王廳六星給力卡
21113207,武財神帝王廳七星給力卡
21113208,武財神帝王廳八星給力卡
21113209,武財神帝王廳九星給力卡
21113301,武財神帝王廳一星超給力卡
21113302,武財神帝王廳二星超給力卡
21113303,武財神帝王廳三星超給力卡
21113304,武財神帝王廳四星超給力卡
21113305,武財神帝王廳五星超給力卡
21113306,武財神帝王廳六星超給力卡
21113307,武財神帝王廳七星超給力卡
21113308,武財神帝王廳八星超給力卡
21113309,武財神帝王廳九星超給力卡
21133101,三太子娛樂廳一星財富卡
21133102,三太子娛樂廳二星財富卡
21133103,三太子娛樂廳三星財富卡
21133104,三太子娛樂廳四星財富卡
21133105,三太子娛樂廳五星財富卡
21133106,三太子娛樂廳六星財富卡
21133107,三太子娛樂廳七星財富卡
21133108,三太子娛樂廳八星財富卡
21133109,三太子娛樂廳九星財富卡
21133201,三太子娛樂廳一星給力卡
21133202,三太子娛樂廳二星給力卡
21133203,三太子娛樂廳三星給力卡
21133204,三太子娛樂廳四星給力卡
21133205,三太子娛樂廳五星給力卡
21133206,三太子娛樂廳六星給力卡
21133207,三太子娛樂廳七星給力卡
21133208,三太子娛樂廳八星給力卡
21133209,三太子娛樂廳九星給力卡
21133301,三太子娛樂廳一星超給力卡
21133302,三太子娛樂廳二星超給力卡
21133303,三太子娛樂廳三星超給力卡
21133304,三太子娛樂廳四星超給力卡
21133305,三太子娛樂廳五星超給力卡
21133306,三太子娛樂廳六星超給力卡
21133307,三太子娛樂廳七星超給力卡
21133308,三太子娛樂廳八星超給力卡
21133309,三太子娛樂廳九星超給力卡
21143101,三太子富貴廳一星財富卡
21143102,三太子富貴廳二星財富卡
21143103,三太子富貴廳三星財富卡
21143104,三太子富貴廳四星財富卡
21143105,三太子富貴廳五星財富卡
21143106,三太子富貴廳六星財富卡
21143107,三太子富貴廳七星財富卡
21143108,三太子富貴廳八星財富卡
21143109,三太子富貴廳九星財富卡
21143201,三太子富貴廳一星給力卡
21143202,三太子富貴廳二星給力卡
21143203,三太子富貴廳三星給力卡
21143204,三太子富貴廳四星給力卡
21143205,三太子富貴廳五星給力卡
21143206,三太子富貴廳六星給力卡
21143207,三太子富貴廳七星給力卡
21143208,三太子富貴廳八星給力卡
21143209,三太子富貴廳九星給力卡
21143301,三太子富貴廳一星超給力卡
21143302,三太子富貴廳二星超給力卡
21143303,三太子富貴廳三星超給力卡
21143304,三太子富貴廳四星超給力卡
21143305,三太子富貴廳五星超給力卡
21143306,三太子富貴廳六星超給力卡
21143307,三太子富貴廳七星超給力卡
21143308,三太子富貴廳八星超給力卡
21143309,三太子富貴廳九星超給力卡
21153101,三太子帝王廳一星財富卡
21153102,三太子帝王廳二星財富卡
21153103,三太子帝王廳三星財富卡
21153104,三太子帝王廳四星財富卡
21153105,三太子帝王廳五星財富卡
21153106,三太子帝王廳六星財富卡
21153107,三太子帝王廳七星財富卡
21153108,三太子帝王廳八星財富卡
21153109,三太子帝王廳九星財富卡
21153201,三太子帝王廳一星給力卡
21153202,三太子帝王廳二星給力卡
21153203,三太子帝王廳三星給力卡
21153204,三太子帝王廳四星給力卡
21153205,三太子帝王廳五星給力卡
21153206,三太子帝王廳六星給力卡
21153207,三太子帝王廳七星給力卡
21153208,三太子帝王廳八星給力卡
21153209,三太子帝王廳九星給力卡
21153301,三太子帝王廳一星超給力卡
21153302,三太子帝王廳二星超給力卡
21153303,三太子帝王廳三星超給力卡
21153304,三太子帝王廳四星超給力卡
21153305,三太子帝王廳五星超給力卡
21153306,三太子帝王廳六星超給力卡
21153307,三太子帝王廳七星超給力卡
21153308,三太子帝王廳八星超給力卡
21153309,三太子帝王廳九星超給力卡
21173101,悟空娛樂廳一星財富卡
21173102,悟空娛樂廳二星財富卡
21173103,悟空娛樂廳三星財富卡
21173104,悟空娛樂廳四星財富卡
21173105,悟空娛樂廳五星財富卡
21173106,悟空娛樂廳六星財富卡
21173107,悟空娛樂廳七星財富卡
21173108,悟空娛樂廳八星財富卡
21173109,悟空娛樂廳九星財富卡
21173201,悟空娛樂廳一星給力卡
21173202,悟空娛樂廳二星給力卡
21173203,悟空娛樂廳三星給力卡
21173204,悟空娛樂廳四星給力卡
21173205,悟空娛樂廳五星給力卡
21173206,悟空娛樂廳六星給力卡
21173207,悟空娛樂廳七星給力卡
21173208,悟空娛樂廳八星給力卡
21173209,悟空娛樂廳九星給力卡
21173301,悟空娛樂廳一星超給力卡
21173302,悟空娛樂廳二星超給力卡
21173303,悟空娛樂廳三星超給力卡
21173304,悟空娛樂廳四星超給力卡
21173305,悟空娛樂廳五星超給力卡
21173306,悟空娛樂廳六星超給力卡
21173307,悟空娛樂廳七星超給力卡
21173308,悟空娛樂廳八星超給力卡
21173309,悟空娛樂廳九星超給力卡
21183101,悟空富貴廳一星財富卡
21183102,悟空富貴廳二星財富卡
21183103,悟空富貴廳三星財富卡
21183104,悟空富貴廳四星財富卡
21183105,悟空富貴廳五星財富卡
21183106,悟空富貴廳六星財富卡
21183107,悟空富貴廳七星財富卡
21183108,悟空富貴廳八星財富卡
21183109,悟空富貴廳九星財富卡
21183201,悟空富貴廳一星給力卡
21183202,悟空富貴廳二星給力卡
21183203,悟空富貴廳三星給力卡
21183204,悟空富貴廳四星給力卡
21183205,悟空富貴廳五星給力卡
21183206,悟空富貴廳六星給力卡
21183207,悟空富貴廳七星給力卡
21183208,悟空富貴廳八星給力卡
21183209,悟空富貴廳九星給力卡
21183301,悟空富貴廳一星超給力卡
21183302,悟空富貴廳二星超給力卡
21183303,悟空富貴廳三星超給力卡
21183304,悟空富貴廳四星超給力卡
21183305,悟空富貴廳五星超給力卡
21183306,悟空富貴廳六星超給力卡
21183307,悟空富貴廳七星超給力卡
21183308,悟空富貴廳八星超給力卡
21183309,悟空富貴廳九星超給力卡
21193101,悟空帝王廳一星財富卡
21193102,悟空帝王廳二星財富卡
21193103,悟空帝王廳三星財富卡
21193104,悟空帝王廳四星財富卡
21193105,悟空帝王廳五星財富卡
21193106,悟空帝王廳六星財富卡
21193107,悟空帝王廳七星財富卡
21193108,悟空帝王廳八星財富卡
21193109,悟空帝王廳九星財富卡
21193201,悟空帝王廳一星給力卡
21193202,悟空帝王廳二星給力卡
21193203,悟空帝王廳三星給力卡
21193204,悟空帝王廳四星給力卡
21193205,悟空帝王廳五星給力卡
21193206,悟空帝王廳六星給力卡
21193207,悟空帝王廳七星給力卡
21193208,悟空帝王廳八星給力卡
21193209,悟空帝王廳九星給力卡
21193301,悟空帝王廳一星超給力卡
21193302,悟空帝王廳二星超給力卡
21193303,悟空帝王廳三星超給力卡
21193304,悟空帝王廳四星超給力卡
21193305,悟空帝王廳五星超給力卡
21193306,悟空帝王廳六星超給力卡
21193307,悟空帝王廳七星超給力卡
21193308,悟空帝王廳八星超給力卡
21193309,悟空帝王廳九星超給力卡
21213101,鐵扇娛樂廳一星財富卡
21213102,鐵扇娛樂廳二星財富卡
21213103,鐵扇娛樂廳三星財富卡
21213104,鐵扇娛樂廳四星財富卡
21213105,鐵扇娛樂廳五星財富卡
21213106,鐵扇娛樂廳六星財富卡
21213107,鐵扇娛樂廳七星財富卡
21213108,鐵扇娛樂廳八星財富卡
21213109,鐵扇娛樂廳九星財富卡
21213201,鐵扇娛樂廳一星給力卡
21213202,鐵扇娛樂廳二星給力卡
21213203,鐵扇娛樂廳三星給力卡
21213204,鐵扇娛樂廳四星給力卡
21213205,鐵扇娛樂廳五星給力卡
21213206,鐵扇娛樂廳六星給力卡
21213207,鐵扇娛樂廳七星給力卡
21213208,鐵扇娛樂廳八星給力卡
21213209,鐵扇娛樂廳九星給力卡
21213301,鐵扇娛樂廳一星超給力卡
21213302,鐵扇娛樂廳二星超給力卡
21213303,鐵扇娛樂廳三星超給力卡
21213304,鐵扇娛樂廳四星超給力卡
21213305,鐵扇娛樂廳五星超給力卡
21213306,鐵扇娛樂廳六星超給力卡
21213307,鐵扇娛樂廳七星超給力卡
21213308,鐵扇娛樂廳八星超給力卡
21213309,鐵扇娛樂廳九星超給力卡
21223101,鐵扇富貴廳一星財富卡
21223102,鐵扇富貴廳二星財富卡
21223103,鐵扇富貴廳三星財富卡
21223104,鐵扇富貴廳四星財富卡
21223105,鐵扇富貴廳五星財富卡
21223106,鐵扇富貴廳六星財富卡
21223107,鐵扇富貴廳七星財富卡
21223108,鐵扇富貴廳八星財富卡
21223109,鐵扇富貴廳九星財富卡
21223201,鐵扇富貴廳一星給力卡
21223202,鐵扇富貴廳二星給力卡
21223203,鐵扇富貴廳三星給力卡
21223204,鐵扇富貴廳四星給力卡
21223205,鐵扇富貴廳五星給力卡
21223206,鐵扇富貴廳六星給力卡
21223207,鐵扇富貴廳七星給力卡
21223208,鐵扇富貴廳八星給力卡
21223209,鐵扇富貴廳九星給力卡
21223301,鐵扇富貴廳一星超給力卡
21223302,鐵扇富貴廳二星超給力卡
21223303,鐵扇富貴廳三星超給力卡
21223304,鐵扇富貴廳四星超給力卡
21223305,鐵扇富貴廳五星超給力卡
21223306,鐵扇富貴廳六星超給力卡
21223307,鐵扇富貴廳七星超給力卡
21223308,鐵扇富貴廳八星超給力卡
21223309,鐵扇富貴廳九星超給力卡
21233101,鐵扇帝王廳一星財富卡
21233102,鐵扇帝王廳二星財富卡
21233103,鐵扇帝王廳三星財富卡
21233104,鐵扇帝王廳四星財富卡
21233105,鐵扇帝王廳五星財富卡
21233106,鐵扇帝王廳六星財富卡
21233107,鐵扇帝王廳七星財富卡
21233108,鐵扇帝王廳八星財富卡
21233109,鐵扇帝王廳九星財富卡
21233201,鐵扇帝王廳一星給力卡
21233202,鐵扇帝王廳二星給力卡
21233203,鐵扇帝王廳三星給力卡
21233204,鐵扇帝王廳四星給力卡
21233205,鐵扇帝王廳五星給力卡
21233206,鐵扇帝王廳六星給力卡
21233207,鐵扇帝王廳七星給力卡
21233208,鐵扇帝王廳八星給力卡
21233209,鐵扇帝王廳九星給力卡
21233301,鐵扇帝王廳一星超給力卡
21233302,鐵扇帝王廳二星超給力卡
21233303,鐵扇帝王廳三星超給力卡
21233304,鐵扇帝王廳四星超給力卡
21233305,鐵扇帝王廳五星超給力卡
21233306,鐵扇帝王廳六星超給力卡
21233307,鐵扇帝王廳七星超給力卡
21233308,鐵扇帝王廳八星超給力卡
21233309,鐵扇帝王廳九星超給力卡
21253101,八戒娛樂廳一星財富卡
21253102,八戒娛樂廳二星財富卡
21253103,八戒娛樂廳三星財富卡
21253104,八戒娛樂廳四星財富卡
21253105,八戒娛樂廳五星財富卡
21253106,八戒娛樂廳六星財富卡
21253107,八戒娛樂廳七星財富卡
21253108,八戒娛樂廳八星財富卡
21253109,八戒娛樂廳九星財富卡
21253201,八戒娛樂廳一星給力卡
21253202,八戒娛樂廳二星給力卡
21253203,八戒娛樂廳三星給力卡
21253204,八戒娛樂廳四星給力卡
21253205,八戒娛樂廳五星給力卡
21253206,八戒娛樂廳六星給力卡
21253207,八戒娛樂廳七星給力卡
21253208,八戒娛樂廳八星給力卡
21253209,八戒娛樂廳九星給力卡
21253301,八戒娛樂廳一星超給力卡
21253302,八戒娛樂廳二星超給力卡
21253303,八戒娛樂廳三星超給力卡
21253304,八戒娛樂廳四星超給力卡
21253305,八戒娛樂廳五星超給力卡
21253306,八戒娛樂廳六星超給力卡
21253307,八戒娛樂廳七星超給力卡
21253308,八戒娛樂廳八星超給力卡
21253309,八戒娛樂廳九星超給力卡
21263101,八戒富貴廳一星財富卡
21263102,八戒富貴廳二星財富卡
21263103,八戒富貴廳三星財富卡
21263104,八戒富貴廳四星財富卡
21263105,八戒富貴廳五星財富卡
21263106,八戒富貴廳六星財富卡
21263107,八戒富貴廳七星財富卡
21263108,八戒富貴廳八星財富卡
21263109,八戒富貴廳九星財富卡
21263201,八戒富貴廳一星給力卡
21263202,八戒富貴廳二星給力卡
21263203,八戒富貴廳三星給力卡
21263204,八戒富貴廳四星給力卡
21263205,八戒富貴廳五星給力卡
21263206,八戒富貴廳六星給力卡
21263207,八戒富貴廳七星給力卡
21263208,八戒富貴廳八星給力卡
21263209,八戒富貴廳九星給力卡
21263301,八戒富貴廳一星超給力卡
21263302,八戒富貴廳二星超給力卡
21263303,八戒富貴廳三星超給力卡
21263304,八戒富貴廳四星超給力卡
21263305,八戒富貴廳五星超給力卡
21263306,八戒富貴廳六星超給力卡
21263307,八戒富貴廳七星超給力卡
21263308,八戒富貴廳八星超給力卡
21263309,八戒富貴廳九星超給力卡
21273101,八戒帝王廳一星財富卡
21273102,八戒帝王廳二星財富卡
21273103,八戒帝王廳三星財富卡
21273104,八戒帝王廳四星財富卡
21273105,八戒帝王廳五星財富卡
21273106,八戒帝王廳六星財富卡
21273107,八戒帝王廳七星財富卡
21273108,八戒帝王廳八星財富卡
21273109,八戒帝王廳九星財富卡
21273201,八戒帝王廳一星給力卡
21273202,八戒帝王廳二星給力卡
21273203,八戒帝王廳三星給力卡
21273204,八戒帝王廳四星給力卡
21273205,八戒帝王廳五星給力卡
21273206,八戒帝王廳六星給力卡
21273207,八戒帝王廳七星給力卡
21273208,八戒帝王廳八星給力卡
21273209,八戒帝王廳九星給力卡
21273301,八戒帝王廳一星超給力卡
21273302,八戒帝王廳二星超給力卡
21273303,八戒帝王廳三星超給力卡
21273304,八戒帝王廳四星超給力卡
21273305,八戒帝王廳五星超給力卡
21273306,八戒帝王廳六星超給力卡
21273307,八戒帝王廳七星超給力卡
21273308,八戒帝王廳八星超給力卡
21273309,八戒帝王廳九星超給力卡
21293101,呂布娛樂廳一星財富卡
21293102,呂布娛樂廳二星財富卡
21293103,呂布娛樂廳三星財富卡
21293104,呂布娛樂廳四星財富卡
21293105,呂布娛樂廳五星財富卡
21293106,呂布娛樂廳六星財富卡
21293107,呂布娛樂廳七星財富卡
21293108,呂布娛樂廳八星財富卡
21293109,呂布娛樂廳九星財富卡
21293201,呂布娛樂廳一星給力卡
21293202,呂布娛樂廳二星給力卡
21293203,呂布娛樂廳三星給力卡
21293204,呂布娛樂廳四星給力卡
21293205,呂布娛樂廳五星給力卡
21293206,呂布娛樂廳六星給力卡
21293207,呂布娛樂廳七星給力卡
21293208,呂布娛樂廳八星給力卡
21293209,呂布娛樂廳九星給力卡
21293301,呂布娛樂廳一星超給力卡
21293302,呂布娛樂廳二星超給力卡
21293303,呂布娛樂廳三星超給力卡
21293304,呂布娛樂廳四星超給力卡
21293305,呂布娛樂廳五星超給力卡
21293306,呂布娛樂廳六星超給力卡
21293307,呂布娛樂廳六星超給力卡
21293308,呂布娛樂廳七星超給力卡
21293309,呂布娛樂廳八星超給力卡
21303101,呂布富貴廳一星財富卡
21303102,呂布富貴廳二星財富卡
21303103,呂布富貴廳三星財富卡
21303104,呂布富貴廳四星財富卡
21303105,呂布富貴廳五星財富卡
21303106,呂布富貴廳六星財富卡
21303107,呂布富貴廳七星財富卡
21303108,呂布富貴廳八星財富卡
21303109,呂布富貴廳九星財富卡
21303201,呂布富貴廳一星給力卡
21303202,呂布富貴廳二星給力卡
21303203,呂布富貴廳三星給力卡
21303204,呂布富貴廳四星給力卡
21303205,呂布富貴廳五星給力卡
21303206,呂布富貴廳六星給力卡
21303207,呂布富貴廳七星給力卡
21303208,呂布富貴廳八星給力卡
21303209,呂布富貴廳九星給力卡
21303301,呂布富貴廳一星超給力卡
21303302,呂布富貴廳二星超給力卡
21303303,呂布富貴廳三星超給力卡
21303304,呂布富貴廳四星超給力卡
21303305,呂布富貴廳五星超給力卡
21303306,呂布富貴廳六星超給力卡
21303307,呂布富貴廳七星超給力卡
21303308,呂布富貴廳八星超給力卡
21303309,呂布富貴廳九星超給力卡
21313101,呂布帝王廳一星財富卡
21313102,呂布帝王廳二星財富卡
21313103,呂布帝王廳三星財富卡
21313104,呂布帝王廳四星財富卡
21313105,呂布帝王廳五星財富卡
21313106,呂布帝王廳六星財富卡
21313107,呂布帝王廳七星財富卡
21313108,呂布帝王廳八星財富卡
21313109,呂布帝王廳九星財富卡
21313201,呂布帝王廳一星給力卡
21313202,呂布帝王廳二星給力卡
21313203,呂布帝王廳三星給力卡
21313204,呂布帝王廳四星給力卡
21313205,呂布帝王廳五星給力卡
21313206,呂布帝王廳六星給力卡
21313207,呂布帝王廳七星給力卡
21313208,呂布帝王廳八星給力卡
21313209,呂布帝王廳九星給力卡
21313301,呂布帝王廳一星超給力卡
21313302,呂布帝王廳二星超給力卡
21313303,呂布帝王廳三星超給力卡
21313304,呂布帝王廳四星超給力卡
21313305,呂布帝王廳五星超給力卡
21313306,呂布帝王廳六星超給力卡
21313307,呂布帝王廳七星超給力卡
21313308,呂布帝王廳八星超給力卡
21313309,呂布帝王廳九星超給力卡
21333101,周瑜娛樂廳一星財富卡
21333102,周瑜娛樂廳二星財富卡
21333103,周瑜娛樂廳三星財富卡
21333104,周瑜娛樂廳四星財富卡
21333105,周瑜娛樂廳五星財富卡
21333106,周瑜娛樂廳六星財富卡
21333107,周瑜娛樂廳七星財富卡
21333108,周瑜娛樂廳八星財富卡
21333109,周瑜娛樂廳九星財富卡
21333201,周瑜娛樂廳一星給力卡
21333202,周瑜娛樂廳二星給力卡
21333203,周瑜娛樂廳三星給力卡
21333204,周瑜娛樂廳四星給力卡
21333205,周瑜娛樂廳五星給力卡
21333206,周瑜娛樂廳六星給力卡
21333207,周瑜娛樂廳七星給力卡
21333208,周瑜娛樂廳八星給力卡
21333209,周瑜娛樂廳九星給力卡
21333301,周瑜娛樂廳一星超給力卡
21333302,周瑜娛樂廳二星超給力卡
21333303,周瑜娛樂廳三星超給力卡
21333304,周瑜娛樂廳四星超給力卡
21333305,周瑜娛樂廳五星超給力卡
21333306,周瑜娛樂廳六星超給力卡
21333307,周瑜娛樂廳七星超給力卡
21333308,周瑜娛樂廳八星超給力卡
21333309,周瑜娛樂廳九星超給力卡
21343101,周瑜富貴廳一星財富卡
21343102,周瑜富貴廳二星財富卡
21343103,周瑜富貴廳三星財富卡
21343104,周瑜富貴廳四星財富卡
21343105,周瑜富貴廳五星財富卡
21343106,周瑜富貴廳六星財富卡
21343107,周瑜富貴廳七星財富卡
21343108,周瑜富貴廳八星財富卡
21343109,周瑜富貴廳九星財富卡
21343201,周瑜富貴廳一星給力卡
21343202,周瑜富貴廳二星給力卡
21343203,周瑜富貴廳三星給力卡
21343204,周瑜富貴廳四星給力卡
21343205,周瑜富貴廳五星給力卡
21343206,周瑜富貴廳六星給力卡
21343207,周瑜富貴廳七星給力卡
21343208,周瑜富貴廳八星給力卡
21343209,周瑜富貴廳九星給力卡
21343301,周瑜富貴廳一星超給力卡
21343302,周瑜富貴廳二星超給力卡
21343303,周瑜富貴廳三星超給力卡
21343304,周瑜富貴廳四星超給力卡
21343305,周瑜富貴廳五星超給力卡
21343306,周瑜富貴廳六星超給力卡
21343307,周瑜富貴廳七星超給力卡
21343308,周瑜富貴廳八星超給力卡
21343309,周瑜富貴廳九星超給力卡
21353101,周瑜帝王廳一星財富卡
21353102,周瑜帝王廳二星財富卡
21353103,周瑜帝王廳三星財富卡
21353104,周瑜帝王廳四星財富卡
21353105,周瑜帝王廳五星財富卡
21353106,周瑜帝王廳六星財富卡
21353107,周瑜帝王廳七星財富卡
21353108,周瑜帝王廳八星財富卡
21353109,周瑜帝王廳九星財富卡
21353201,周瑜帝王廳一星給力卡
21353202,周瑜帝王廳二星給力卡
21353203,周瑜帝王廳三星給力卡
21353204,周瑜帝王廳四星給力卡
21353205,周瑜帝王廳五星給力卡
21353206,周瑜帝王廳六星給力卡
21353207,周瑜帝王廳七星給力卡
21353208,周瑜帝王廳八星給力卡
21353209,周瑜帝王廳九星給力卡
21353301,周瑜帝王廳一星超給力卡
21353302,周瑜帝王廳二星超給力卡
21353303,周瑜帝王廳三星超給力卡
21353304,周瑜帝王廳四星超給力卡
21353305,周瑜帝王廳五星超給力卡
21353306,周瑜帝王廳六星超給力卡
21353307,周瑜帝王廳七星超給力卡
21353308,周瑜帝王廳八星超給力卡
21353309,周瑜帝王廳九星超給力卡
21373101,曹操娛樂廳一星財富卡
21373102,曹操娛樂廳二星財富卡
21373103,曹操娛樂廳三星財富卡
21373104,曹操娛樂廳四星財富卡
21373105,曹操娛樂廳五星財富卡
21373106,曹操娛樂廳六星財富卡
21373107,曹操娛樂廳七星財富卡
21373108,曹操娛樂廳八星財富卡
21373109,曹操娛樂廳九星財富卡
21373201,曹操娛樂廳一星給力卡
21373202,曹操娛樂廳二星給力卡
21373203,曹操娛樂廳三星給力卡
21373204,曹操娛樂廳四星給力卡
21373205,曹操娛樂廳五星給力卡
21373206,曹操娛樂廳六星給力卡
21373207,曹操娛樂廳七星給力卡
21373208,曹操娛樂廳八星給力卡
21373209,曹操娛樂廳九星給力卡
21373301,曹操娛樂廳一星超給力卡
21373302,曹操娛樂廳二星超給力卡
21373303,曹操娛樂廳三星超給力卡
21373304,曹操娛樂廳四星超給力卡
21373305,曹操娛樂廳五星超給力卡
21373306,曹操娛樂廳六星超給力卡
21373307,曹操娛樂廳七星超給力卡
21373308,曹操娛樂廳八星超給力卡
21373309,曹操娛樂廳九星超給力卡
21383101,曹操富貴廳一星財富卡
21383102,曹操富貴廳二星財富卡
21383103,曹操富貴廳三星財富卡
21383104,曹操富貴廳四星財富卡
21383105,曹操富貴廳五星財富卡
21383106,曹操富貴廳六星財富卡
21383107,曹操富貴廳七星財富卡
21383108,曹操富貴廳八星財富卡
21383109,曹操富貴廳九星財富卡
21383201,曹操富貴廳一星給力卡
21383202,曹操富貴廳二星給力卡
21383203,曹操富貴廳三星給力卡
21383204,曹操富貴廳四星給力卡
21383205,曹操富貴廳五星給力卡
21383206,曹操富貴廳六星給力卡
21383207,曹操富貴廳七星給力卡
21383208,曹操富貴廳八星給力卡
21383209,曹操富貴廳九星給力卡
21383301,曹操富貴廳一星超給力卡
21383302,曹操富貴廳二星超給力卡
21383303,曹操富貴廳三星超給力卡
21383304,曹操富貴廳四星超給力卡
21383305,曹操富貴廳五星超給力卡
21383306,曹操富貴廳六星超給力卡
21383307,曹操富貴廳七星超給力卡
21383308,曹操富貴廳八星超給力卡
21383309,曹操富貴廳九星超給力卡
21393101,曹操帝王廳一星財富卡
21393102,曹操帝王廳二星財富卡
21393103,曹操帝王廳三星財富卡
21393104,曹操帝王廳四星財富卡
21393105,曹操帝王廳五星財富卡
21393106,曹操帝王廳六星財富卡
21393107,曹操帝王廳七星財富卡
21393108,曹操帝王廳八星財富卡
21393109,曹操帝王廳九星財富卡
21393201,曹操帝王廳一星給力卡
21393202,曹操帝王廳二星給力卡
21393203,曹操帝王廳三星給力卡
21393204,曹操帝王廳四星給力卡
21393205,曹操帝王廳五星給力卡
21393206,曹操帝王廳六星給力卡
21393207,曹操帝王廳七星給力卡
21393208,曹操帝王廳八星給力卡
21393209,曹操帝王廳九星給力卡
21393301,曹操帝王廳一星超給力卡
21393302,曹操帝王廳二星超給力卡
21393303,曹操帝王廳三星超給力卡
21393304,曹操帝王廳四星超給力卡
21393305,曹操帝王廳五星超給力卡
21393306,曹操帝王廳六星超給力卡
21393307,曹操帝王廳七星超給力卡
21393308,曹操帝王廳八星超給力卡
21393309,曹操帝王廳九星超給力卡
21413101,趙雲娛樂廳一星財富卡
21413102,趙雲娛樂廳二星財富卡
21413103,趙雲娛樂廳三星財富卡
21413104,趙雲娛樂廳四星財富卡
21413105,趙雲娛樂廳五星財富卡
21413106,趙雲娛樂廳六星財富卡
21413107,趙雲娛樂廳七星財富卡
21413108,趙雲娛樂廳八星財富卡
21413109,趙雲娛樂廳九星財富卡
21413201,趙雲娛樂廳一星給力卡
21413202,趙雲娛樂廳二星給力卡
21413203,趙雲娛樂廳三星給力卡
21413204,趙雲娛樂廳四星給力卡
21413205,趙雲娛樂廳五星給力卡
21413206,趙雲娛樂廳六星給力卡
21413207,趙雲娛樂廳七星給力卡
21413208,趙雲娛樂廳八星給力卡
21413209,趙雲娛樂廳九星給力卡
21413301,趙雲娛樂廳一星超給力卡
21413302,趙雲娛樂廳二星超給力卡
21413303,趙雲娛樂廳三星超給力卡
21413304,趙雲娛樂廳四星超給力卡
21413305,趙雲娛樂廳五星超給力卡
21413306,趙雲娛樂廳六星超給力卡
21413307,趙雲娛樂廳七星超給力卡
21413308,趙雲娛樂廳八星超給力卡
21413309,趙雲娛樂廳九星超給力卡
21423101,趙雲富貴廳一星財富卡
21423102,趙雲富貴廳二星財富卡
21423103,趙雲富貴廳三星財富卡
21423104,趙雲富貴廳四星財富卡
21423105,趙雲富貴廳五星財富卡
21423106,趙雲富貴廳六星財富卡
21423107,趙雲富貴廳七星財富卡
21423108,趙雲富貴廳八星財富卡
21423109,趙雲富貴廳九星財富卡
21423201,趙雲富貴廳一星給力卡
21423202,趙雲富貴廳二星給力卡
21423203,趙雲富貴廳三星給力卡
21423204,趙雲富貴廳四星給力卡
21423205,趙雲富貴廳五星給力卡
21423206,趙雲富貴廳六星給力卡
21423207,趙雲富貴廳七星給力卡
21423208,趙雲富貴廳八星給力卡
21423209,趙雲富貴廳九星給力卡
21423301,趙雲富貴廳一星超給力卡
21423302,趙雲富貴廳二星超給力卡
21423303,趙雲富貴廳三星超給力卡
21423304,趙雲富貴廳四星超給力卡
21423305,趙雲富貴廳五星超給力卡
21423306,趙雲富貴廳六星超給力卡
21423307,趙雲富貴廳七星超給力卡
21423308,趙雲富貴廳八星超給力卡
21423309,趙雲富貴廳九星超給力卡
21433101,趙雲帝王廳一星財富卡
21433102,趙雲帝王廳二星財富卡
21433103,趙雲帝王廳三星財富卡
21433104,趙雲帝王廳四星財富卡
21433105,趙雲帝王廳五星財富卡
21433106,趙雲帝王廳六星財富卡
21433107,趙雲帝王廳七星財富卡
21433108,趙雲帝王廳八星財富卡
21433109,趙雲帝王廳九星財富卡
21433201,趙雲帝王廳一星給力卡
21433202,趙雲帝王廳二星給力卡
21433203,趙雲帝王廳三星給力卡
21433204,趙雲帝王廳四星給力卡
21433205,趙雲帝王廳五星給力卡
21433206,趙雲帝王廳六星給力卡
21433207,趙雲帝王廳七星給力卡
21433208,趙雲帝王廳八星給力卡
21433209,趙雲帝王廳九星給力卡
21433301,趙雲帝王廳一星超給力卡
21433302,趙雲帝王廳二星超給力卡
21433303,趙雲帝王廳三星超給力卡
21433304,趙雲帝王廳四星超給力卡
21433305,趙雲帝王廳五星超給力卡
21433306,趙雲帝王廳六星超給力卡
21433307,趙雲帝王廳七星超給力卡
21433308,趙雲帝王廳八星超給力卡
21433309,趙雲帝王廳九星超給力卡
21443101,法老王娛樂廳一星財富卡
21443102,法老王娛樂廳二星財富卡
21443103,法老王娛樂廳三星財富卡
21443104,法老王娛樂廳四星財富卡
21443105,法老王娛樂廳五星財富卡
21443106,法老王娛樂廳六星財富卡
21443107,法老王娛樂廳七星財富卡
21443108,法老王娛樂廳八星財富卡
21443109,法老王娛樂廳九星財富卡
21443201,法老王娛樂廳一星給力卡
21443202,法老王娛樂廳二星給力卡
21443203,法老王娛樂廳三星給力卡
21443204,法老王娛樂廳四星給力卡
21443205,法老王娛樂廳五星給力卡
21443206,法老王娛樂廳六星給力卡
21443207,法老王娛樂廳七星給力卡
21443208,法老王娛樂廳八星給力卡
21443209,法老王娛樂廳九星給力卡
21443301,法老王娛樂廳一星超給力卡
21443302,法老王娛樂廳二星超給力卡
21443303,法老王娛樂廳三星超給力卡
21443304,法老王娛樂廳四星超給力卡
21443305,法老王娛樂廳五星超給力卡
21443306,法老王娛樂廳六星超給力卡
21443307,法老王娛樂廳七星超給力卡
21443308,法老王娛樂廳八星超給力卡
21443309,法老王娛樂廳九星超給力卡
21453101,法老王富貴廳一星財富卡
21453102,法老王富貴廳二星財富卡
21453103,法老王富貴廳三星財富卡
21453104,法老王富貴廳四星財富卡
21453105,法老王富貴廳五星財富卡
21453106,法老王富貴廳六星財富卡
21453107,法老王富貴廳七星財富卡
21453108,法老王富貴廳八星財富卡
21453109,法老王富貴廳九星財富卡
21453201,法老王富貴廳一星給力卡
21453202,法老王富貴廳二星給力卡
21453203,法老王富貴廳三星給力卡
21453204,法老王富貴廳四星給力卡
21453205,法老王富貴廳五星給力卡
21453206,法老王富貴廳六星給力卡
21453207,法老王富貴廳七星給力卡
21453208,法老王富貴廳八星給力卡
21453209,法老王富貴廳九星給力卡
21453301,法老王富貴廳一星超給力卡
21453302,法老王富貴廳二星超給力卡
21453303,法老王富貴廳三星超給力卡
21453304,法老王富貴廳四星超給力卡
21453305,法老王富貴廳五星超給力卡
21453306,法老王富貴廳六星超給力卡
21453307,法老王富貴廳七星超給力卡
21453308,法老王富貴廳八星超給力卡
21453309,法老王富貴廳九星超給力卡
21463101,法老王帝王廳一星財富卡
21463102,法老王帝王廳二星財富卡
21463103,法老王帝王廳三星財富卡
21463104,法老王帝王廳四星財富卡
21463105,法老王帝王廳五星財富卡
21463106,法老王帝王廳六星財富卡
21463107,法老王帝王廳七星財富卡
21463108,法老王帝王廳八星財富卡
21463109,法老王帝王廳九星財富卡
21463201,法老王帝王廳一星給力卡
21463202,法老王帝王廳二星給力卡
21463203,法老王帝王廳三星給力卡
21463204,法老王帝王廳四星給力卡
21463205,法老王帝王廳五星給力卡
21463206,法老王帝王廳六星給力卡
21463207,法老王帝王廳七星給力卡
21463208,法老王帝王廳八星給力卡
21463209,法老王帝王廳九星給力卡
21463301,法老王帝王廳一星超給力卡
21463302,法老王帝王廳二星超給力卡
21463303,法老王帝王廳三星超給力卡
21463304,法老王帝王廳四星超給力卡
21463305,法老王帝王廳五星超給力卡
21463306,法老王帝王廳六星超給力卡
21463307,法老王帝王廳七星超給力卡
21463308,法老王帝王廳八星超給力卡
21463309,法老王帝王廳九星超給力卡
60080101,掏金樂一星金礦山碎片A
60080102,掏金樂二星金礦山碎片A
60080103,掏金樂三星金礦山碎片A
60080104,掏金樂四星金礦山碎片A
60080105,掏金樂五星金礦山碎片A
60080106,掏金樂六星金礦山碎片A
60080107,掏金樂七星金礦山碎片A
60080108,掏金樂八星金礦山碎片A
60080109,掏金樂九星金礦山碎片A
60080201,掏金樂一星黃金礦工碎片B
60080202,掏金樂二星黃金礦工碎片B
60080203,掏金樂三星黃金礦工碎片B
60080204,掏金樂四星黃金礦工碎片B
60080205,掏金樂五星黃金礦工碎片B
60080206,掏金樂六星黃金礦工碎片B
60080207,掏金樂七星黃金礦工碎片B
60080208,掏金樂八星黃金礦工碎片B
60080209,掏金樂九星黃金礦工碎片B
60080301,掏金樂一星探照燈頭盔碎片C
60080302,掏金樂二星探照燈頭盔碎片C
60080303,掏金樂三星探照燈頭盔碎片C
60080304,掏金樂四星探照燈頭盔碎片C
60080305,掏金樂五星探照燈頭盔碎片C
60080306,掏金樂六星探照燈頭盔碎片C
60080307,掏金樂七星探照燈頭盔碎片C
60080308,掏金樂八星探照燈頭盔碎片C
60080309,掏金樂九星探照燈頭盔碎片C
60080401,掏金樂一星定時炸彈碎片D
60080402,掏金樂二星定時炸彈碎片D
60080403,掏金樂三星定時炸彈碎片D
60080404,掏金樂四星定時炸彈碎片D
60080405,掏金樂五星定時炸彈碎片D
60080406,掏金樂六星定時炸彈碎片D
60080407,掏金樂七星定時炸彈碎片D
60080408,掏金樂八星定時炸彈碎片D
60080409,掏金樂九星定時炸彈碎片D
60080501,掏金樂一星挖礦鏟碎片E
60080502,掏金樂二星挖礦鏟碎片E
60080503,掏金樂三星挖礦鏟碎片E
60080504,掏金樂四星挖礦鏟碎片E
60080505,掏金樂五星挖礦鏟碎片E
60080506,掏金樂六星挖礦鏟碎片E
60080507,掏金樂七星挖礦鏟碎片E
60080508,掏金樂八星挖礦鏟碎片E
60080509,掏金樂九星挖礦鏟碎片E
60100101,武財神一星財神爺碎片A
60100102,武財神二星財神爺碎片A
60100103,武財神三星財神爺碎片A
60100104,武財神四星財神爺碎片A
60100105,武財神五星財神爺碎片A
60100106,武財神六星財神爺碎片A
60100107,武財神七星財神爺碎片A
60100108,武財神八星財神爺碎片A
60100109,武財神九星財神爺碎片A
60100201,武財神一星金貔貅碎片B
60100202,武財神二星金貔貅碎片B
60100203,武財神三星金貔貅碎片B
60100204,武財神四星金貔貅碎片B
60100205,武財神五星金貔貅碎片B
60100206,武財神六星金貔貅碎片B
60100207,武財神七星金貔貅碎片B
60100208,武財神八星金貔貅碎片B
60100209,武財神九星金貔貅碎片B
60100301,武財神一星紅燈籠碎片C
60100302,武財神二星紅燈籠碎片C
60100303,武財神三星紅燈籠碎片C
60100304,武財神四星紅燈籠碎片C
60100305,武財神五星紅燈籠碎片C
60100306,武財神六星紅燈籠碎片C
60100307,武財神七星紅燈籠碎片C
60100308,武財神八星紅燈籠碎片C
60100309,武財神九星紅燈籠碎片C
60100401,武財神一星壽葫蘆碎片D
60100402,武財神二星壽葫蘆碎片D
60100403,武財神三星壽葫蘆碎片D
60100404,武財神四星壽葫蘆碎片D
60100405,武財神五星壽葫蘆碎片D
60100406,武財神六星壽葫蘆碎片D
60100407,武財神七星壽葫蘆碎片D
60100408,武財神八星壽葫蘆碎片D
60100409,武財神九星壽葫蘆碎片D
60100501,武財神一星如意寶碎片E
60100502,武財神二星如意寶碎片E
60100503,武財神三星如意寶碎片E
60100504,武財神四星如意寶碎片E
60100505,武財神五星如意寶碎片E
60100506,武財神六星如意寶碎片E
60100507,武財神七星如意寶碎片E
60100508,武財神八星如意寶碎片E
60100509,武財神九星如意寶碎片E
60110101,三太子一星哪吒碎片A
60110102,三太子二星哪吒碎片A
60110103,三太子三星哪吒碎片A
60110104,三太子四星哪吒碎片A
60110105,三太子五星哪吒碎片A
60110106,三太子六星哪吒碎片A
60110107,三太子七星哪吒碎片A
60110108,三太子八星哪吒碎片A
60110109,三太子九星哪吒碎片A
60110201,三太子一星龍王廟碎片B
60110202,三太子二星龍王廟碎片B
60110203,三太子三星龍王廟碎片B
60110204,三太子四星龍王廟碎片B
60110205,三太子五星龍王廟碎片B
60110206,三太子六星龍王廟碎片B
60110207,三太子七星龍王廟碎片B
60110208,三太子八星龍王廟碎片B
60110209,三太子九星龍王廟碎片B
60110301,三太子一星海龍王碎片C
60110302,三太子二星海龍王碎片C
60110303,三太子三星海龍王碎片C
60110304,三太子四星海龍王碎片C
60110305,三太子五星海龍王碎片C
60110306,三太子六星海龍王碎片C
60110307,三太子七星海龍王碎片C
60110308,三太子八星海龍王碎片C
60110309,三太子九星海龍王碎片C
60110401,三太子一星玄武碎片D
60110402,三太子二星玄武碎片D
60110403,三太子三星玄武碎片D
60110404,三太子四星玄武碎片D
60110405,三太子五星玄武碎片D
60110406,三太子六星玄武碎片D
60110407,三太子七星玄武碎片D
60110408,三太子八星玄武碎片D
60110409,三太子九星玄武碎片D
60110501,三太子一星鯉魚精碎片E
60110502,三太子二星鯉魚精碎片E
60110503,三太子三星鯉魚精碎片E
60110504,三太子四星鯉魚精碎片E
60110505,三太子五星鯉魚精碎片E
60110506,三太子六星鯉魚精碎片E
60110507,三太子七星鯉魚精碎片E
60110508,三太子八星鯉魚精碎片E
60110509,三太子九星鯉魚精碎片E
60130101,法老王一星圖坦卡門碎片A
60130102,法老王二星圖坦卡門碎片A
60130103,法老王三星圖坦卡門碎片A
60130104,法老王四星圖坦卡門碎片A
60130105,法老王五星圖坦卡門碎片A
60130106,法老王六星圖坦卡門碎片A
60130107,法老王七星圖坦卡門碎片A
60130108,法老王八星圖坦卡門碎片A
60130109,法老王九星圖坦卡門碎片A
60130201,法老王一星阿努比斯碎片B
60130202,法老王二星阿努比斯碎片B
60130203,法老王三星阿努比斯碎片B
60130204,法老王四星阿努比斯碎片B
60130205,法老王五星阿努比斯碎片B
60130206,法老王六星阿努比斯碎片B
60130207,法老王七星阿努比斯碎片B
60130208,法老王八星阿努比斯碎片B
60130209,法老王九星阿努比斯碎片B
60130301,法老王一星黃金戰車碎片C
60130302,法老王二星黃金戰車碎片C
60130303,法老王三星黃金戰車碎片C
60130304,法老王四星黃金戰車碎片C
60130305,法老王五星黃金戰車碎片C
60130306,法老王六星黃金戰車碎片C
60130307,法老王七星黃金戰車碎片C
60130308,法老王八星黃金戰車碎片C
60130309,法老王九星黃金戰車碎片C
60130401,法老王一星古代魔法書碎片D
60130402,法老王二星古代魔法書碎片D
60130403,法老王三星古代魔法書碎片D
60130404,法老王四星古代魔法書碎片D
60130405,法老王五星古代魔法書碎片D
60130406,法老王六星古代魔法書碎片D
60130407,法老王七星古代魔法書碎片D
60130408,法老王八星古代魔法書碎片D
60130409,法老王九星古代魔法書碎片D
60130501,法老王一星上古卷軸碎片E
60130502,法老王二星上古卷軸碎片E
60130503,法老王三星上古卷軸碎片E
60130504,法老王四星上古卷軸碎片E
60130505,法老王五星上古卷軸碎片E
60130506,法老王六星上古卷軸碎片E
60130507,法老王七星上古卷軸碎片E
60130508,法老王八星上古卷軸碎片E
60130509,法老王九星上古卷軸碎片E
60320101,悟空一星美猴王碎片A
60320102,悟空二星美猴王碎片A
60320103,悟空三星美猴王碎片A
60320104,悟空四星美猴王碎片A
60320105,悟空五星美猴王碎片A
60320106,悟空六星美猴王碎片A
60320107,悟空七星美猴王碎片A
60320108,悟空八星美猴王碎片A
60320109,悟空九星美猴王碎片A
60320201,悟空一星金箍棒碎片B
60320202,悟空二星金箍棒碎片B
60320203,悟空三星金箍棒碎片B
60320204,悟空四星金箍棒碎片B
60320205,悟空五星金箍棒碎片B
60320206,悟空六星金箍棒碎片B
60320207,悟空七星金箍棒碎片B
60320208,悟空八星金箍棒碎片B
60320209,悟空九星金箍棒碎片B
60320301,悟空一星金壽桃碎片C
60320302,悟空二星金壽桃碎片C
60320303,悟空三星金壽桃碎片C
60320304,悟空四星金壽桃碎片C
60320305,悟空五星金壽桃碎片C
60320306,悟空六星金壽桃碎片C
60320307,悟空七星金壽桃碎片C
60320308,悟空八星金壽桃碎片C
60320309,悟空九星金壽桃碎片C
60320401,悟空一星觔斗雲碎片D
60320402,悟空二星觔斗雲碎片D
60320403,悟空三星觔斗雲碎片D
60320404,悟空四星觔斗雲碎片D
60320405,悟空五星觔斗雲碎片D
60320406,悟空六星觔斗雲碎片D
60320407,悟空七星觔斗雲碎片D
60320408,悟空八星觔斗雲碎片D
60320409,悟空九星觔斗雲碎片D
60320501,悟空一星緊箍圈碎片E
60320502,悟空二星緊箍圈碎片E
60320503,悟空三星緊箍圈碎片E
60320504,悟空四星緊箍圈碎片E
60320505,悟空五星緊箍圈碎片E
60320506,悟空六星緊箍圈碎片E
60320507,悟空七星緊箍圈碎片E
60320508,悟空八星緊箍圈碎片E
60320509,悟空九星緊箍圈碎片E
60330101,牛魔王一星平天大聖碎片A
60330102,牛魔王二星平天大聖碎片A
60330103,牛魔王三星平天大聖碎片A
60330104,牛魔王四星平天大聖碎片A
60330105,牛魔王五星平天大聖碎片A
60330106,牛魔王六星平天大聖碎片A
60330107,牛魔王七星平天大聖碎片A
60330108,牛魔王八星平天大聖碎片A
60330109,牛魔王九星平天大聖碎片A
60330201,牛魔王一星神力鎚碎片B
60330202,牛魔王二星神力鎚碎片B
60330203,牛魔王三星神力鎚碎片B
60330204,牛魔王四星神力鎚碎片B
60330205,牛魔王五星神力鎚碎片B
60330206,牛魔王六星神力鎚碎片B
60330207,牛魔王七星神力鎚碎片B
60330208,牛魔王八星神力鎚碎片B
60330209,牛魔王九星神力鎚碎片B
60330301,牛魔王一星擂鼓鳴驚碎片C
60330302,牛魔王二星擂鼓鳴驚碎片C
60330303,牛魔王三星擂鼓鳴驚碎片C
60330304,牛魔王四星擂鼓鳴驚碎片C
60330305,牛魔王五星擂鼓鳴驚碎片C
60330306,牛魔王六星擂鼓鳴驚碎片C
60330307,牛魔王七星擂鼓鳴驚碎片C
60330308,牛魔王八星擂鼓鳴驚碎片C
60330309,牛魔王九星擂鼓鳴驚碎片C
60330401,牛魔王一星金牛神盾碎片D
60330402,牛魔王二星金牛神盾碎片D
60330403,牛魔王三星金牛神盾碎片D
60330404,牛魔王四星金牛神盾碎片D
60330405,牛魔王五星金牛神盾碎片D
60330406,牛魔王六星金牛神盾碎片D
60330407,牛魔王七星金牛神盾碎片D
60330408,牛魔王八星金牛神盾碎片D
60330409,牛魔王九星金牛神盾碎片D
60330501,牛魔王一星香醇杯碎片E
60330502,牛魔王二星香醇杯碎片E
60330503,牛魔王三星香醇杯碎片E
60330504,牛魔王四星香醇杯碎片E
60330505,牛魔王五星香醇杯碎片E
60330506,牛魔王六星香醇杯碎片E
60330507,牛魔王七星香醇杯碎片E
60330508,牛魔王八星香醇杯碎片E
60330509,牛魔王九星香醇杯碎片E
60340101,鐵扇一星羅剎女碎片A
60340102,鐵扇二星羅剎女碎片A
60340103,鐵扇三星羅剎女碎片A
60340104,鐵扇四星羅剎女碎片A
60340105,鐵扇五星羅剎女碎片A
60340106,鐵扇六星羅剎女碎片A
60340107,鐵扇七星羅剎女碎片A
60340108,鐵扇八星羅剎女碎片A
60340109,鐵扇九星羅剎女碎片A
60340201,鐵扇一星紫花鳳梨碎片B
60340202,鐵扇二星紫花鳳梨碎片B
60340203,鐵扇三星紫花鳳梨碎片B
60340204,鐵扇四星紫花鳳梨碎片B
60340205,鐵扇五星紫花鳳梨碎片B
60340206,鐵扇六星紫花鳳梨碎片B
60340207,鐵扇七星紫花鳳梨碎片B
60340208,鐵扇八星紫花鳳梨碎片B
60340209,鐵扇九星紫花鳳梨碎片B
60340301,鐵扇一星珠寶首飾盒碎片C
60340302,鐵扇二星珠寶首飾盒碎片C
60340303,鐵扇三星珠寶首飾盒碎片C
60340304,鐵扇四星珠寶首飾盒碎片C
60340305,鐵扇五星珠寶首飾盒碎片C
60340306,鐵扇六星珠寶首飾盒碎片C
60340307,鐵扇七星珠寶首飾盒碎片C
60340308,鐵扇八星珠寶首飾盒碎片C
60340309,鐵扇九星珠寶首飾盒碎片C
60340401,鐵扇一星簪花碎片D
60340402,鐵扇二星簪花碎片D
60340403,鐵扇三星簪花碎片D
60340404,鐵扇四星簪花碎片D
60340405,鐵扇五星簪花碎片D
60340406,鐵扇六星簪花碎片D
60340407,鐵扇七星簪花碎片D
60340408,鐵扇八星簪花碎片D
60340409,鐵扇九星簪花碎片D
60340501,鐵扇一星蝴蝶髮釵碎片E
60340502,鐵扇二星蝴蝶髮釵碎片E
60340503,鐵扇三星蝴蝶髮釵碎片E
60340504,鐵扇四星蝴蝶髮釵碎片E
60340505,鐵扇五星蝴蝶髮釵碎片E
60340506,鐵扇六星蝴蝶髮釵碎片E
60340507,鐵扇七星蝴蝶髮釵碎片E
60340508,鐵扇八星蝴蝶髮釵碎片E
60340509,鐵扇九星蝴蝶髮釵碎片E
60350101,八戒一星豬剛鬣碎片A
60350102,八戒二星豬剛鬣碎片A
60350103,八戒三星豬剛鬣碎片A
60350104,八戒四星豬剛鬣碎片A
60350105,八戒五星豬剛鬣碎片A
60350106,八戒六星豬剛鬣碎片A
60350107,八戒七星豬剛鬣碎片A
60350108,八戒八星豬剛鬣碎片A
60350109,八戒九星豬剛鬣碎片A
60350201,八戒一星囍相逢碎片B
60350202,八戒二星囍相逢碎片B
60350203,八戒三星囍相逢碎片B
60350204,八戒四星囍相逢碎片B
60350205,八戒五星囍相逢碎片B
60350206,八戒六星囍相逢碎片B
60350207,八戒七星囍相逢碎片B
60350208,八戒八星囍相逢碎片B
60350209,八戒九星囍相逢碎片B
60350301,八戒一星花轎碎片C
60350302,八戒二星花轎碎片C
60350303,八戒三星花轎碎片C
60350304,八戒四星花轎碎片C
60350305,八戒五星花轎碎片C
60350306,八戒六星花轎碎片C
60350307,八戒七星花轎碎片C
60350308,八戒八星花轎碎片C
60350309,八戒九星花轎碎片C
60350401,八戒一星婚宴綵球碎片D
60350402,八戒二星婚宴綵球碎片D
60350403,八戒三星婚宴綵球碎片D
60350404,八戒四星婚宴綵球碎片D
60350405,八戒五星婚宴綵球碎片D
60350406,八戒六星婚宴綵球碎片D
60350407,八戒七星婚宴綵球碎片D
60350408,八戒八星婚宴綵球碎片D
60350409,八戒九星婚宴綵球碎片D
60350501,八戒一星銅鈸碎片E
60350502,八戒二星銅鈸碎片E
60350503,八戒三星銅鈸碎片E
60350504,八戒四星銅鈸碎片E
60350505,八戒五星銅鈸碎片E
60350506,八戒六星銅鈸碎片E
60350507,八戒七星銅鈸碎片E
60350508,八戒八星銅鈸碎片E
60350509,八戒九星銅鈸碎片E
60400101,呂布一星呂奉先碎片A
60400102,呂布二星呂奉先碎片A
60400103,呂布三星呂奉先碎片A
60400104,呂布四星呂奉先碎片A
60400105,呂布五星呂奉先碎片A
60400106,呂布六星呂奉先碎片A
60400107,呂布七星呂奉先碎片A
60400108,呂布八星呂奉先碎片A
60400109,呂布九星呂奉先碎片A
60400201,呂布一星束髮金冠碎片B
60400202,呂布二星束髮金冠碎片B
60400203,呂布三星束髮金冠碎片B
60400204,呂布四星束髮金冠碎片B
60400205,呂布五星束髮金冠碎片B
60400206,呂布六星束髮金冠碎片B
60400207,呂布七星束髮金冠碎片B
60400208,呂布八星束髮金冠碎片B
60400209,呂布九星束髮金冠碎片B
60400301,呂布一星方天畫戟碎片C
60400302,呂布二星方天畫戟碎片C
60400303,呂布三星方天畫戟碎片C
60400304,呂布四星方天畫戟碎片C
60400305,呂布五星方天畫戟碎片C
60400306,呂布六星方天畫戟碎片C
60400307,呂布七星方天畫戟碎片C
60400308,呂布八星方天畫戟碎片C
60400309,呂布九星方天畫戟碎片C
60400401,呂布一星吞肩獸肩胛碎片D
60400402,呂布二星吞肩獸肩胛碎片D
60400403,呂布三星吞肩獸肩胛碎片D
60400404,呂布四星吞肩獸肩胛碎片D
60400405,呂布五星吞肩獸肩胛碎片D
60400406,呂布六星吞肩獸肩胛碎片D
60400407,呂布七星吞肩獸肩胛碎片D
60400408,呂布八星吞肩獸肩胛碎片D
60400409,呂布九星吞肩獸肩胛碎片D
60400501,呂布一星元寶寶箱碎片E
60400502,呂布二星元寶寶箱碎片E
60400503,呂布三星元寶寶箱碎片E
60400504,呂布四星元寶寶箱碎片E
60400505,呂布五星元寶寶箱碎片E
60400506,呂布六星元寶寶箱碎片E
60400507,呂布七星元寶寶箱碎片E
60400508,呂布八星元寶寶箱碎片E
60400509,呂布九星元寶寶箱碎片E
60410101,周瑜一星周公瑾碎片A
60410102,周瑜二星周公瑾碎片A
60410103,周瑜三星周公瑾碎片A
60410104,周瑜四星周公瑾碎片A
60410105,周瑜五星周公瑾碎片A
60410106,周瑜六星周公瑾碎片A
60410107,周瑜七星周公瑾碎片A
60410108,周瑜八星周公瑾碎片A
60410109,周瑜九星周公瑾碎片A
60410201,周瑜一星翠玉印碎片B
60410202,周瑜二星翠玉印碎片B
60410203,周瑜三星翠玉印碎片B
60410204,周瑜四星翠玉印碎片B
60410205,周瑜五星翠玉印碎片B
60410206,周瑜六星翠玉印碎片B
60410207,周瑜七星翠玉印碎片B
60410208,周瑜八星翠玉印碎片B
60410209,周瑜九星翠玉印碎片B
60410301,周瑜一星筆硯台碎片C
60410302,周瑜二星筆硯台碎片C
60410303,周瑜三星筆硯台碎片C
60410304,周瑜四星筆硯台碎片C
60410305,周瑜五星筆硯台碎片C
60410306,周瑜六星筆硯台碎片C
60410307,周瑜七星筆硯台碎片C
60410308,周瑜八星筆硯台碎片C
60410309,周瑜九星筆硯台碎片C
60410401,周瑜一星黃金扇碎片D
60410402,周瑜二星黃金扇碎片D
60410403,周瑜三星黃金扇碎片D
60410404,周瑜四星黃金扇碎片D
60410405,周瑜五星黃金扇碎片D
60410406,周瑜六星黃金扇碎片D
60410407,周瑜七星黃金扇碎片D
60410408,周瑜八星黃金扇碎片D
60410409,周瑜九星黃金扇碎片D
60410501,周瑜一星竹簡書碎片E
60410502,周瑜二星竹簡書碎片E
60410503,周瑜三星竹簡書碎片E
60410504,周瑜四星竹簡書碎片E
60410505,周瑜五星竹簡書碎片E
60410506,周瑜六星竹簡書碎片E
60410507,周瑜七星竹簡書碎片E
60410508,周瑜八星竹簡書碎片E
60410509,周瑜九星竹簡書碎片E
60420101,曹操一星曹孟德碎片A
60420102,曹操二星曹孟德碎片A
60420103,曹操三星曹孟德碎片A
60420104,曹操四星曹孟德碎片A
60420105,曹操五星曹孟德碎片A
60420106,曹操六星曹孟德碎片A
60420107,曹操七星曹孟德碎片A
60420108,曹操八星曹孟德碎片A
60420109,曹操九星曹孟德碎片A
60420201,曹操一星倚天劍碎片B
60420202,曹操二星倚天劍碎片B
60420203,曹操三星倚天劍碎片B
60420204,曹操四星倚天劍碎片B
60420205,曹操五星倚天劍碎片B
60420206,曹操六星倚天劍碎片B
60420207,曹操七星倚天劍碎片B
60420208,曹操八星倚天劍碎片B
60420209,曹操九星倚天劍碎片B
60420301,曹操一星戰鼓碎片C
60420302,曹操二星戰鼓碎片C
60420303,曹操三星戰鼓碎片C
60420304,曹操四星戰鼓碎片C
60420305,曹操五星戰鼓碎片C
60420306,曹操六星戰鼓碎片C
60420307,曹操七星戰鼓碎片C
60420308,曹操八星戰鼓碎片C
60420309,曹操九星戰鼓碎片C
60420401,曹操一星魏王之印碎片D
60420402,曹操二星魏王之印碎片D
60420403,曹操三星魏王之印碎片D
60420404,曹操四星魏王之印碎片D
60420405,曹操五星魏王之印碎片D
60420406,曹操六星魏王之印碎片D
60420407,曹操七星魏王之印碎片D
60420408,曹操八星魏王之印碎片D
60420409,曹操九星魏王之印碎片D
60420501,曹操一星策略地圖碎片E
60420502,曹操二星策略地圖碎片E
60420503,曹操三星策略地圖碎片E
60420504,曹操四星策略地圖碎片E
60420505,曹操五星策略地圖碎片E
60420506,曹操六星策略地圖碎片E
60420507,曹操七星策略地圖碎片E
60420508,曹操八星策略地圖碎片E
60420509,曹操九星策略地圖碎片E
60430101,趙雲一星趙子龍碎片A
60430102,趙雲二星趙子龍碎片A
60430103,趙雲三星趙子龍碎片A
60430104,趙雲四星趙子龍碎片A
60430105,趙雲五星趙子龍碎片A
60430106,趙雲六星趙子龍碎片A
60430107,趙雲七星趙子龍碎片A
60430108,趙雲八星趙子龍碎片A
60430109,趙雲九星趙子龍碎片A
60430201,趙雲一星最強神盾碎片B
60430202,趙雲二星最強神盾碎片B
60430203,趙雲三星最強神盾碎片B
60430204,趙雲四星最強神盾碎片B
60430205,趙雲五星最強神盾碎片B
60430206,趙雲六星最強神盾碎片B
60430207,趙雲七星最強神盾碎片B
60430208,趙雲八星最強神盾碎片B
60430209,趙雲九星最強神盾碎片B
60430301,趙雲一星夜照玉獅子碎片C
60430302,趙雲二星夜照玉獅子碎片C
60430303,趙雲三星夜照玉獅子碎片C
60430304,趙雲四星夜照玉獅子碎片C
60430305,趙雲五星夜照玉獅子碎片C
60430306,趙雲六星夜照玉獅子碎片C
60430307,趙雲七星夜照玉獅子碎片C
60430308,趙雲八星夜照玉獅子碎片C
60430309,趙雲九星夜照玉獅子碎片C
60430401,趙雲一星趙雲令牌碎片D
60430402,趙雲二星趙雲令牌碎片D
60430403,趙雲三星趙雲令牌碎片D
60430404,趙雲四星趙雲令牌碎片D
60430405,趙雲五星趙雲令牌碎片D
60430406,趙雲六星趙雲令牌碎片D
60430407,趙雲七星趙雲令牌碎片D
60430408,趙雲八星趙雲令牌碎片D
60430409,趙雲九星趙雲令牌碎片D
60430501,趙雲一星龍戰旗碎片E
60430502,趙雲二星龍戰旗碎片E
60430503,趙雲三星龍戰旗碎片E
60430504,趙雲四星龍戰旗碎片E
60430505,趙雲五星龍戰旗碎片E
60430506,趙雲六星龍戰旗碎片E
60430507,趙雲七星龍戰旗碎片E
60430508,趙雲八星龍戰旗碎片E
60430509,趙雲九星龍戰旗碎片E
99010201,牛魔王QA五連線
99010301,牛魔王娛樂廳免費遊戲卡
99010401,牛魔王娛樂廳彩金卡
99011001,牛魔王QA三連線
99011101,牛魔王QA四連線
99011201,牛魔王QA百搭x2
99011301,牛魔王QA百搭x3
99011401,牛魔王QA百搭x4
99012101,牛魔王娛樂廳主遊戲特殊卡
99012601,牛魔王QA免費遊戲加局最滿
99050201,掏金樂QA五連線
99050301,掏金樂娛樂廳免費遊戲卡
99051001,掏金樂QA三連線
99051101,掏金樂QA四連線
99051201,掏金樂QA百搭x2
99051301,掏金樂QA百搭x3
99051401,掏金樂QA百搭x4
99052101,掏金樂娛樂廳主遊戲特殊卡
99052201,掏金樂娛樂廳副遊戲特殊卡
99052601,掏金樂QA免費遊戲加局最滿
99090201,武財神QA五連線
99090301,武財神娛樂廳免費遊戲卡
99091001,武財神QA三連線
99091101,武財神QA四連線
99091201,武財神QA百搭x2
99091301,武財神QA百搭x3
99091401,武財神QA百搭x4
99092101,武財神娛樂廳主遊戲特殊卡
99092201,武財神娛樂廳副遊戲特殊卡
99092601,武財神QA免費遊戲加局最滿
99130201,三太子QA五連線
99131001,三太子QA三連線
99131101,三太子QA四連線
99131201,三太子QA百搭x2
99131301,三太子QA百搭x3
99131401,三太子QA百搭x4
99132601,三太子QA免費遊戲加局最滿
99170201,悟空QA五連線
99170301,悟空娛樂廳免費遊戲卡
99170401,悟空娛樂廳彩金卡
99171001,悟空QA三連線
99171101,悟空QA四連線
99171201,悟空QA百搭x2
99171301,悟空QA百搭x3
99171401,悟空QA百搭x4
99172101,悟空娛樂廳主遊戲特殊卡
99172201,悟空娛樂廳副遊戲特殊卡
99172601,悟空QA免費遊戲加局最滿
99210201,鐵扇QA五連線
99210301,鐵扇娛樂廳免費遊戲卡
99210401,鐵扇娛樂廳彩金卡
99211001,鐵扇QA三連線
99211101,鐵扇QA四連線
99211201,鐵扇QA百搭x2
99211301,鐵扇QA百搭x3
99211401,鐵扇QA百搭x4
99212101,鐵扇娛樂廳主遊戲特殊卡
99212201,鐵扇娛樂廳副遊戲特殊卡
99212601,鐵扇QA免費遊戲加局最滿
99250201,八戒QA五連線
99250301,八戒娛樂廳免費遊戲卡
99250401,八戒娛樂廳彩金卡
99251001,八戒QA三連線
99251101,八戒QA四連線
99251201,八戒QA百搭x2
99251301,八戒QA百搭x3
99251401,八戒QA百搭x4
99252101,八戒娛樂廳主遊戲特殊卡
99252201,八戒娛樂廳副遊戲特殊卡
99252601,八戒QA免費遊戲加局最滿
99290201,呂布QA五連線
99290301,呂布娛樂廳免費遊戲卡
99291001,呂布QA三連線
99291101,呂布QA四連線
99291201,呂布QA百搭x2
99291301,呂布QA百搭x3
99291401,呂布QA百搭x4
99292101,呂布娛樂廳主遊戲特殊卡
99292201,呂布娛樂廳副遊戲特殊卡
99292601,呂布QA免費遊戲加局最滿
99330201,周瑜QA五連線
99330301,周瑜娛樂廳免費遊戲卡
99331001,周瑜QA三連線
99331101,周瑜QA四連線
99331201,周瑜QA百搭x2
99331301,周瑜QA百搭x3
99331401,周瑜QA百搭x4
99332101,周瑜娛樂廳主遊戲特殊卡
99332201,周瑜娛樂廳副遊戲特殊卡
99332601,周瑜QA免費遊戲加局最滿
99370201,曹操QA五連線
99370301,曹操娛樂廳免費遊戲卡
99371001,曹操QA三連線
99371101,曹操QA四連線
99371201,曹操QA百搭x2
99371301,曹操QA百搭x3
99371401,曹操QA百搭x4
99372101,曹操娛樂廳主遊戲特殊卡
99372201,曹操娛樂廳副遊戲特殊卡
99372601,曹操QA免費遊戲加局最滿
99410201,趙雲QA五連線
99410301,趙雲娛樂廳免費遊戲卡
99411001,趙雲QA三連線
99411101,趙雲QA四連線
99411201,趙雲QA百搭x2
99411301,趙雲QA百搭x3
99411401,趙雲QA百搭x4
99412101,趙雲娛樂廳主遊戲特殊卡
99412201,趙雲娛樂廳副遊戲特殊卡
99412601,趙雲QA免費遊戲加局最滿
